CommonName,MaximumLongevityYear
Fruit fly,0.3
Honey bee,8
Black garden ant,28
Squinting bush brown,0.5
American lobster,100
Shortnose sturgeon,67
Yangtze sturgeon,100
Lake sturgeon,152
Russian sturgeon,46
Atlantic sturgeon,60
Sterlet,46.1
Amur sturgeon,60
Star sturgeon,27
Baltic sturgeon,100
White sturgeon,104
Kaluga,55
Beluga sturgeon,118
Dwarf sturgeon,6
Mississippi paddlefish,55
Bowfin,30
European eel,88
Shortfin eel,32
Indonesian shortfin eel,20
New Zealand longfin eel,60
Marbled eel,40
African longfin eel,20
Long-finned eel,15
Speckled longfin eel,41
American eel,50
Sand smelt,4
Topsmelt,9
Jacksmelt,11
Brook silverside,2
California grunion,8
Inland silverside,2
Waccamaw silverside,3
Atlantic silverside,2
Snakefish,7
Japanese medaka,5
Dusky sea garfish,10
Pacific saury,2
Alfonsino,23
Orange roughy,149
Spot-tail,5
Silversides,5
Tiger fish,8
Sharptooth tetra,3
Twospot astyanax,18
Pirapitinga,28
Nile distichodus,7.5
Pike characid,5
Blueback shad,8
Twaite shad,25
Alabama shad,4
Alice shad,10
Caspian shad,7
Blue herring,4
Macedonia shad,10
Black sea shad,6
Pontic shad,7
Alewife,8
American shad,13
Spotted sardinella,8
Atlantic herring,22
Pacific herring,19
Black sea sprat,5
American gizzard shad,6
Threadfin shad,4
Gilchrist's round herring,6
Scaled herring,3
Australian freshwater herring,11
European pilchard,15
Round sardinella,7
Goldstripe sardinella,7
Indian oil sardine,4
Pacific sardine,25
European sprat,6
Deepbody anchovy,6
Anchoveta,4
Australian anchovy,6
European anchovy,3
Japanese anchovy,3
Californian anchoveta,7
Peruvian anchoveta,3
Stone loach,7
River carpsucker,10
Quillback,11
Highfin carpsucker,11
Longnose sucker,20
White sucker,12
Largescale sucker,15
Modoc sucker,18
Sacramento sucker,10
Mountain sucker,9
Klamath smallscale sucker,9
Tahoe sucker,15
Cui-ui,41
June sucker,40
Blue sucker,13
Southeastern blue sucker,33
Lost river sucker,18
Creek chubsucker,6
Northern hog sucker,11
Roanoke hog sucker,5
Smallmouth buffalo,15
Bigmouth buffalo,20
Black buffalo,24
Spotted sucker,6
Silver redhorse,10
Hookfin redhorse,8
River redhorse,12
Black redhorse,10
Golden redhorse,11
Shorthead redhorse,9
Blackfin sucker,4
Rustyside sucker,5
Torrent sucker,7
Loach,21.7
Bream,23
Asp,11
Barb,16.3
Papermouth,9
Treur barb,6
Largescale stoneroller,5
Goldfish,41
Sneep,15
Blackside dace,4
Northern redbelly dace,3
Southern redbelly dace,3
Finescale dace,6
Redside dace,4
Lake chub,5
Grass carp,21
Satinfin shiner,4
Whitetail shiner,4
Red shiner,2
Spotfin shiner,5
Steelcolor shiner,3
Common carp,47
Zebra danio or zebrafish,5.5
Tonguetied minnow,4
Cutlips minnow,2
Arroyo chub,4
Roundtail chub,8
Gudgeon,8
Rednose labeo,9
Rohu,10
Smallmouth yellowfish,12
Virgin spinedace,3
Belica,2
