id,media,media.type,type.label,audience.size
s01,NY Times,1,Newspaper,20
s02,Daily News,1,Newspaper,22
s03,Chicago Sun-Times,1,Newspaper,21
s04,Washington Post,1,Newspaper,25
s05,Wall Street Journal,1,Newspaper,30
s06,USA Today,1,Newspaper,32
s07,LA Times,1,Newspaper,20
s08,The Denver Post,1,Newspaper,35
s09,Newsday,1,Newspaper,40
s10,New York Post,1,Newspaper,32
s11,Boston Herald ,1,Newspaper,33
s12,Bessemer News ,1,Newspaper,22
s13,The Dallas Morning News ,1,Newspaper,21
s14,The Miami Herald,1,Newspaper,20
s15,Houston Chronicle ,1,Newspaper,44
s16,Arizona Daily Star,1,Newspaper,32
s17,Pittsburgh Post-Gazette,1,Newspaper,21
s18,Baltimore Sun ,1,Newspaper,33
s19,Hawaii News ,1,Newspaper,20
s20,The Advocate,1,Newspaper,25
s21,Akron Beacon Journal,1,Newspaper,30
s22,Boston Globe,1,Newspaper,22
s23,Chicago Sun-Times,1,Newspaper,19
s24,Journal Newspapers,1,Newspaper,17
s25,Fresno Bee,1,Newspaper,24
s26,New York Post,1,Newspaper,50
s27,Detroit News,1,Newspaper,22
s28,Detroit Free Press ,1,Newspaper,31
s29,AM New York,1,Newspaper,19
s30,Charleston Gazette,1,Newspaper,15
s31,Denver Post ,1,Newspaper,44
s32,Albuquerque Journal ,1,Newspaper,25
s33,Las Vegas Sun ,1,Newspaper,22
s34,Alaska Dispatch,1,Newspaper,34
s35,Ahora News,1,Newspaper,33
s36,Hale County News,1,Newspaper,32
s37,USA Network,2,TV,40
s38,CNN,2,TV,56
s39,CNBC,2,TV,45
s40,NBC,2,TV,59
s41,MSNBC,2,TV,34
s42,FOX News,2,TV,60
s43,ABC News,2,TV,23
s44,CBS News,2,TV,25
s45,The Weather Channel,2,TV,31
s46,ABC Family,2,TV,21
s47,Anime Network,2,TV,40
s48,BBC America,2,TV,27
s49,Food Network,2,TV,28
s50,BabyTV,2,TV,34
s51,Cartoon Network,2,TV,26
s52,Cinemax,2,TV,19
s53,FX Movie Channel,2,TV,35
s54,DMX,2,TV,39
s55,Music Choice,2,TV,25
s56,Bloomberg TV,2,TV,34
s57,JCTV,2,TV,19
s58,Focus 49,2,TV,32
s59,Tempe 11,2,TV,25
s60,Vision TV,2,TV,43
s61,House TV,2,TV,22
s62,Fox 6 WBRC,2,TV,17
s63,OCT TV-16,2,TV,22
s64,Quran English Arabic TV,2,TV,33
s65,KGOV,2,TV,17
s66,BBC,2,TV,34
s67,Yahoo News,3,Online,33
s68,Google News,3,Online,23
s69,Reuters.com,3,Online,12
s70,NYTimes.com,3,Online,24
s71,WashingtonPost.com,3,Online,28
s72,AOL.com,3,Online,33
s73,NewsWeek,3,Online,30
s74,USA Today,3,Online,27
s75,Voice of America,3,Online,22
s76,Time Magazine,3,Online,19
s77,Huffington Post,3,Online,21
s78,US News.com,3,Online,40
s79,Al Jazeera America,3,Online,39
s80,Arizona Daily Star,3,Online,25
s81,Kansas City Star,3,Online,21
s82,Denver Post,3,Online,18
s83,Atlanta News,3,Online,33
s84,Charleston Gazette,3,Online,27
s85,Sierrawatch,3,Online,17
s86,Las Vegas Sun,3,Online,33
s87,Alaska Dispatch,3,Online,31
s88,Hale County News,3,Online,22
s89,The Plain Dealer ,3,Online,40
s90,St Louis Post-Dispatch,3,Online,29
s91,Chicago Sun-Times ,3,Online,33
s92,Orlando Sentinel,3,Online,21
s93,Wall Street Journal,3,Online,15
s94,South Florida Sun-Sentinel ,3,Online,43
s95,New Jersey Online,3,Online,37
s96,MSNBC News,3,Online,27
s97,Detroit Free Press,3,Online,16
s98,Cincinnati Enquirer ,3,Online,40
s99,Chicago Tribune,3,Online,43
s100,Boston Globe,3,Online,33
s101,"Arizona Republic, The",3,Online,23
s102,ABCNEWS.com,3,Online,16
s103,Dallas Morning News ,3,Online,21
